date,wiki_revision_count,wiki_revision_users,wiki_revision_articles
2025-01-01,9,5,1
2025-01-02,2,2,1
2025-01-03,17,3,1
2025-01-04,5,3,1
2025-01-05,8,3,1
2025-01-06,3,3,1
2025-01-07,3,2,1
2025-01-08,7,3,1
2025-01-09,8,4,1
2025-01-10,15,5,1
2025-01-11,10,2,1
2025-01-12,5,4,1
2025-01-13,9,3,1
2025-01-14,15,3,1
2025-01-15,3,1,1
2025-01-16,1,1,1
2025-01-17,5,3,1
2025-01-18,11,3,1
2025-01-19,11,3,1
2025-01-20,8,3,1
2025-01-21,1,1,1
2025-01-22,4,3,1
2025-01-23,4,3,1
2025-01-24,2,2,1
2025-01-25,6,3,1
2025-01-27,3,3,2
2025-01-28,1,1,1
2025-01-29,3,2,1
2025-01-31,1,1,1
2025-02-02,1,1,1
2025-02-03,3,1,1
2025-02-05,3,1,1
2025-02-12,4,1,1
2025-02-14,4,2,1
2025-02-15,1,1,1
2025-02-18,3,1,1
2025-02-21,1,1,1
2025-02-23,4,3,1
2025-02-24,1,1,1
2025-02-26,3,2,1
2025-03-02,1,1,1
2025-03-05,1,1,1
2025-03-06,3,2,1
2025-03-07,1,1,1
2025-03-08,7,3,1
2025-03-10,2,2,1
2025-03-11,2,1,1
2025-03-12,4,2,1
2025-03-13,3,3,1
2025-03-14,2,2,1
2025-03-15,2,2,1
2025-03-16,23,8,1
2025-03-17,13,3,1
2025-03-18,11,5,1
2025-03-19,11,2,1
2025-03-20,3,2,1
2025-03-21,16,3,1
2025-03-22,9,4,1
2025-03-23,4,3,1
2025-03-24,8,2,1
2025-03-25,4,1,1
2025-03-26,1,1,1
2025-03-27,3,1,1
2025-03-28,3,1,1
2025-03-29,5,2,1
2025-03-30,9,2,1
2025-03-31,3,1,1
2025-04-01,8,3,1
2025-04-02,3,2,1
2025-04-03,5,2,1
2025-04-04,9,3,1
2025-04-05,2,1,1
2025-04-06,5,2,1
2025-04-07,5,2,1
2025-04-08,6,2,1
2025-04-09,6,2,1
2025-04-10,6,3,1
2025-04-11,7,2,1
2025-04-12,3,2,1
2025-04-13,4,4,1
2025-04-14,6,2,1
2025-04-15,4,1,1
2025-04-16,11,4,1
2025-04-17,4,2,1
2025-04-18,11,3,1
2025-04-19,8,2,1
2025-04-20,5,2,1
2025-04-21,4,2,1
2025-04-22,6,2,1
2025-04-23,8,3,1
2025-04-24,3,2,1
2025-04-25,2,1,1
2025-04-26,12,4,1
2025-04-27,7,2,1
2025-04-28,24,7,1
2025-04-29,8,3,1
2025-04-30,13,3,1
2025-05-03,2,1,1
2025-05-04,2,1,1
2025-05-05,6,3,1
2025-05-06,2,1,1
2025-05-07,12,6,1
2025-05-08,1,1,1
2025-05-10,2,2,1
2025-05-11,1,1,1
2025-05-14,3,3,1
2025-05-16,1,1,1
2025-05-17,1,1,1
2025-05-19,1,1,1
2025-05-23,1,1,1
2025-05-24,1,1,1
2025-06-04,1,1,1
2025-06-05,1,1,1
2025-06-08,18,1,1
2025-06-14,3,3,1
2025-06-22,3,3,2
2025-06-24,2,2,1
2025-06-25,1,1,1
2025-06-27,1,1,1
2025-06-30,1,1,1
2025-07-01,1,1,1
2025-07-03,1,1,1
2025-07-08,2,2,1
2025-07-09,2,2,1
2025-07-10,5,4,1
2025-07-11,1,1,1
2025-07-24,2,2,1
2025-07-31,3,1,1
2025-08-01,1,1,1
2025-08-04,1,1,1
2025-08-08,1,1,1
2025-08-11,1,1,1
2025-08-21,1,1,1
2025-08-24,2,1,1
2025-08-26,1,1,1
2025-08-28,2,1,1
2025-08-29,1,1,1
2025-08-30,2,1,1
2025-08-31,1,1,1
2025-09-01,2,1,1
2025-09-02,3,3,2
2025-09-04,1,1,1
2025-09-07,2,1,1
2025-09-10,1,1,1
2025-09-16,3,1,1
2025-09-17,1,1,1
2025-09-18,1,1,1
2025-09-19,1,1,1
2025-09-24,3,1,1
2025-09-28,1,1,1
2025-09-29,2,2,1
2025-09-30,4,2,1
2025-10-01,1,1,1
2025-10-05,12,1,1
2025-10-06,16,1,1
2025-10-07,1,1,1
2025-10-08,1,1,1
2025-10-13,1,1,1
2025-10-15,1,1,1
2025-10-16,4,2,1
2025-10-28,1,1,1
2025-11-07,1,1,1
2025-11-13,1,1,1
2025-11-16,1,1,1
2025-11-18,2,2,1
2025-11-19,1,1,1
2025-12-03,2,1,1
2025-12-04,1,1,1
2025-12-26,1,1,1
2025-12-27,2,2,1
2026-01-01,1,1,1
2026-01-03,1,1,1
2026-01-20,1,1,1
2026-01-25,9,3,1
2026-02-10,1,1,1
2026-02-11,1,1,1
2026-02-28,8,4,1
2026-03-01,8,5,1
2026-03-04,6,6,1
2026-03-05,2,2,1
2026-03-07,1,1,1
2026-03-08,1,1,1
2026-03-10,2,1,1
2026-03-12,3,2,1
2026-03-15,1,1,1
2026-03-16,2,2,1
2026-03-17,8,1,1
2026-03-18,2,1,1
2026-03-21,6,2,1
2026-03-22,8,3,1
2026-03-25,1,1,1
2026-03-28,8,5,1
2026-03-29,6,6,1
2026-04-02,1,1,1
2026-04-03,1,1,1
2026-04-05,1,1,1
2026-04-07,4,3,1
2026-04-09,2,2,1
2026-04-10,2,2,1
2026-04-21,1,1,1
2026-04-22,2,2,1
2026-04-29,1,1,1
2026-04-30,1,1,1
2026-05-02,1,1,1
2026-05-11,1,1,1
